tyrion.lannister at gmail.com (Tyrion Lannister)
Tyrion.Lannister at gmail.com (Tyrion Lannister)
Tyrion.Lannister at gmail.com (Tyrion.Lannister@gmail.com)
Tyrion.Lannister@gmail.com (Tyrion Lannister)
Tyrion.Lannister@gmail.... (Tyrion Lannister)
Tyrion.Lannister@gmail.com
Tyrion.Lannister at gmail.com (Tyrion)
Tyrion.Lannister at gmail.com (Tyrion.Lannister at gmail.com)
tyrion at lanister.net (Tyrion Lannister)
halfman@council.kings-landing.gov (Tyrion Lannister)
halfman@council.kings-landing.gov (Tyrion Lannister, Hand of the King)
halfman@council.kings-landing.gov (halfman@council.kings-landing.gov)
tyrion+hand at lanister.net (Tyrion Lannister)
tyrion.lannister at gmail.com (=?UTF-8?B?RGF2aWQgQWJpw6Fu?=)
"Tyrion Lannister" <Tyrion.Lannister@gmail.com>

catelyn.stark at gmail.com (Catelyn Stark)
catelyn.tully.stark at gmail.com (Catelyn Tully Stark)
catelyn at stark.winterfell.gov (Catelyn T. Stark)
catelyn at stark.winterfell.gov (Stark, Catelyn T.)
catelyn@stark.winterfell.... (Catelyn T. Stark)
catelyn@stark.winterfell.... (catelyn@stark.winterfell)
catelyntstark at hotmail.com (C. Stark)
"Catelyn T. Stark" <catelyn at stark.winterfell.gov>
Catylen Tully Stark <catelyn.tully.stark at gmail.com>

spidey_sense at council.kings-landing.gov (Lord Varys)
spidey_sense@council.kings-landing.gov (spidey_sense@council.kings-landing.gov)

snow.john at knightswatch.com (John Snow)
snow.john at knightswatch.com (J. Snow)
john.snow at stark.winterfell.gov (John)

SerJorah at gmail.com (SerJorah)
SerJorah at gmail.com (Jorah)

jmormont at hotmail.com (Jorah Mormont)
jorah.mormont at dothraki.edu (JM)

aria at stark.winterfell.gov (Aria Stark)
ariastark1 at gmail.com (Aria)
ariastark1@gmail.... (ariastark1@gmail.com)


brynden.tully at gmail.com (Brynden "Blackfish" Tully)

starly at gmail.com (Samwell TARLY)
starly at knightswatch.com (Samwell Tarly)

rstarkwolf at north.mil (Rob J. Stark)
rstarkwolf@gmail.... (Rob J. Stark)
rstarkwolf@yahoo.... (Rob Stark)
